slug,family,cover_file,cover_type,genesis_source,genesis_kind,analog_donor,mismatch,ban,action,note,sampled
fangshan,karst,/covers/fangshan.jpg,photo_landscape,own extra (/covers/fangshan-2.jpg),own,shilin,no,,keep,family=karst,yes
shihuadong,karst,/covers/shihuadong.jpg,photo_landscape,satellite of this site,satellite,shilin,no,,keep,family=karst,yes
shidu,karst,/covers/shidu.jpg,photo_landscape,satellite of this site,satellite,shilin,no,,keep,family=karst,yes
yanqing,fossil,/covers/yanqing.jpg,photo_landscape,satellite of this site,satellite,chengjiang,no,,keep,family=fossil,yes
huangsongyu,other,/covers/huangsongyu.jpg,photo_landscape,own extra (/covers/huangsongyu-2.jpg),own,tianshengqiao,no,,keep,family=other,no
yunmengshan,granite_peak,/covers/yunmengshan.jpg,photo_landscape,satellite of this site,satellite,huangshan,no,,keep,family=granite_peak,no
zhoukoudian,fossil,/covers/zhoukoudian.jpg,photo_landscape,satellite of this site,satellite,chengjiang,no,,keep,family=fossil,no
jixian,stratigraphy,/covers/jixian.jpg,photo_outcrop,own extra (/covers/jixian-3.jpg),own,songshan,no,,keep,family=stratigraphy,yes
baishishan,karst,/covers/baishishan.jpg,photo_landscape,own extra (/covers/baishishan-2.jpg),own,shilin,no,,keep,family=karst,no
tianshengqiao,other,/covers/tianshengqiao.jpg,photo_landscape,own extra (/covers/tianshengqiao-2.jpg),own,huangsongyu,no,,keep,family=other,no
liujiang,stratigraphy,/covers/liujiang.jpg,photo_landscape,own extra (/covers/liujiang-2.jpg),own,songshan,no,,keep,family=stratigraphy,no
zhangshiyan,zhangjiajie_sandstone,/covers/zhangshiyan.jpg,photo_landscape,satellite of this site,satellite,zhangjiajie,no,,keep,family=zhangjiajie_sandstone,no
yesanpo,karst,/covers/yesanpo.jpg,photo_landscape,own extra (/covers/yesanpo-2.jpg),own,shilin,no,,keep,family=karst,no
lincheng,karst,/covers/lincheng.jpg,photo_landscape,own extra (/covers/lincheng-2.jpg),own,shilin,no,,keep,family=karst,no
wuan,karst,/covers/wuan.jpg,photo_landscape,own extra (/covers/wuan-2.jpg),own,shilin,no,,keep,family=karst,no
xinglong,karst,/covers/xinglong.jpg,satellite,own extra (/covers/xinglong-2.jpg),own,shilin,no,,keep,family=karst,no
qianan,granite_peak,/covers/qianan.jpg,photo_landscape,own extra (/covers/qianan-2.jpg),own,huangshan,no,,keep,family=granite_peak,no
chengde-danxia,danxia,/covers/chengde-danxia.jpg,photo_landscape,satellite of this site,satellite,danxiashan,no,,keep,family=danxia,no
xingtai-canyon,other,/covers/xingtai-canyon.jpg,photo_landscape,own extra (/covers/xingtai-canyon-2.jpg),own,huangsongyu,no,,keep,family=other,no
hukou,other,/covers/hukou.jpg,photo_landscape,satellite of this site,satellite,huangsongyu,no,,keep,family=other,yes
wutaishan,stratigraphy,/covers/wutaishan.jpg,photo_landscape,satellite of this site,satellite,songshan,no,,keep,family=stratigraphy,no
huguan,other,/covers/huguan.jpg,photo_landscape,satellite of this site,satellite,huangsongyu,no,,keep,family=other,no
ningwu,karst,/covers/ningwu.jpg,photo_landscape,satellite of this site,satellite,shilin,no,,keep,family=karst,no
wangmangling,karst,/covers/wangmangling.jpg,photo_landscape,satellite of this site,satellite,shilin,no,,keep,family=karst,no
datong-volcano,volcano,/covers/datong-volcano.jpg,photo_landscape,satellite of this site,satellite,wudalianchi,no,,keep,family=volcano,no
yonghe,other,/covers/yonghe.jpg,photo_landscape,satellite of this site,satellite,huangsongyu,no,,keep,family=other,no
pingshun,karst,/covers/pingshun.jpg,photo_landscape,satellite of this site,satellite,shilin,no,,keep,family=karst,no
yushe,fossil,/covers/yushe.jpg,photo_landscape,own extra (/covers/yushe-2.jpg),own,chengjiang,no,,keep,family=fossil,no
youyu,volcano,/covers/youyu.jpg,photo_landscape,own extra (/covers/youyu-2.jpg),own,wudalianchi,no,,keep,family=volcano,no
xixian-loess,loess,/covers/xixian-loess.jpg,satellite,analog luochuan (same family loess),analog,luochuan,no,,keep,family=loess,yes
hexigten,granite_peak,/covers/hexigten.jpg,photo_landscape,satellite of this site,satellite,huangshan,no,,keep,family=granite_peak,no
arxan,volcano,/covers/arxan.jpg,photo_landscape,satellite of this site,satellite,wudalianchi,no,,keep,family=volcano,no
alxa,yardang,/covers/alxa.jpg,photo_landscape,satellite of this site,satellite,dunhuang,no,,keep,family=yardang,no
erenhot,fossil,/covers/erenhot.jpg,photo_landscape,satellite of this site,satellite,chengjiang,no,,keep,family=fossil,no
ningcheng,fossil,/covers/ningcheng.jpg,photo_landscape,own extra (/covers/ningcheng-2.jpg),own,chengjiang,no,,keep,family=fossil,no
bayannur,other,/covers/bayannur.jpg,photo_landscape,satellite of this site,satellite,huangsongyu,no,,keep,family=other,no
ordos,loess,/covers/ordos.jpg,photo_landscape,satellite of this site,satellite,luochuan,no,,keep,family=loess,no
laoniuwan,other,/covers/laoniuwan.jpg,photo_landscape,satellite of this site,satellite,huangsongyu,no,,keep,family=other,no
siziwang,other,/covers/siziwang.jpg,photo_landscape,satellite of this site,satellite,huangsongyu,no,,keep,family=other,no
oroqen,other,/covers/oroqen.jpg,photo_landscape,satellite of this site,satellite,huangsongyu,no,,keep,family=other,no
xilinhot,volcano,/covers/xilinhot.jpg,photo_landscape,own extra (/covers/xilinhot-2.jpg),own,wudalianchi,no,,keep,family=volcano,no
qiguoshan,other,/covers/qiguoshan.jpg,photo_landscape,own extra (/covers/qiguoshan-2.jpg),own,huangsongyu,no,,keep,family=other,no
ulanqab,volcano,/covers/ulanqab.jpg,photo_landscape,satellite of this site,satellite,wudalianchi,no,,keep,family=volcano,no
wuda,fossil,/covers/wuda.jpg,photo_landscape,own extra (/covers/wuda-2.jpg),own,chengjiang,no,,keep,family=fossil,no
badain-jaran,other,/covers/badain-jaran.jpg,photo_landscape,satellite of this site,satellite,huangsongyu,no,,keep,family=other,no
chaoyang,fossil,/covers/chaoyang.jpg,photo_landscape,satellite of this site,satellite,chengjiang,no,,keep,family=fossil,no
benxi,karst,/covers/benxi.jpg,photo_landscape,satellite of this site,satellite,shilin,no,,keep,family=karst,no
dalian-coast,coast,/covers/dalian-coast.jpg,photo_landscape,satellite of this site,satellite,dapeng,no,,keep,family=coast,no
bingyugou,other,/covers/bingyugou.jpg,photo_landscape,satellite of this site,satellite,huangsongyu,no,,keep,family=other,no
jinzhou,fossil,/covers/jinzhou.jpg,photo_landscape,satellite of this site,satellite,chengjiang,no,,keep,family=fossil,no
huludao,other,/covers/huludao.jpg,satellite,own extra (/covers/huludao-2.jpg),own,huangsongyu,no,,keep,family=other,no
changbaishan,volcano,/covers/changbaishan.jpg,photo_landscape,own extra (/covers/changbaishan-2.jpg),own,wudalianchi,no,,keep,family=volcano,yes
jingyu,volcano,/covers/jingyu.jpg,photo_landscape,own extra (/covers/jingyu-2.jpg),own,wudalianchi,no,,keep,family=volcano,no
qianan-mud,other,/covers/qianan-mud.jpg,photo_landscape,satellite of this site,satellite,huangsongyu,no,,keep,family=other,no
fusong,volcano,/covers/fusong.jpg,photo_landscape,own extra (/covers/fusong-2.jpg),own,wudalianchi,no,,keep,family=volcano,no
siping,other,/covers/siping.jpg,photo_landscape,own extra (/covers/siping-2.jpg),own,huangsongyu,no,,keep,family=other,no
longwan,volcano,/covers/longwan.jpg,photo_landscape,satellite of this site,satellite,wudalianchi,no,,keep,family=volcano,no
wudalianchi,volcano,/covers/wudalianchi.jpg,photo_landscape,own extra (/covers/wudalianchi-2.jpg),own,changbaishan,no,,keep,family=volcano,yes
jiayin,fossil,/covers/jiayin.jpg,photo_landscape,satellite of this site,satellite,chengjiang,no,,keep,family=fossil,no
yichun-forest,granite_peak,/covers/yichun-forest.jpg,photo_landscape,own extra (/covers/yichun-forest-2.jpg),own,huangshan,no,,keep,family=granite_peak,no
jingpohu,volcano,/covers/jingpohu.jpg,photo_landscape,satellite of this site,satellite,wudalianchi,no,,keep,family=volcano,no
xingkaihu,other,/covers/xingkaihu.jpg,photo_landscape,satellite of this site,satellite,huangsongyu,no,,keep,family=other,no
xiaoxinggan,other,/covers/xiaoxinggan.jpg,photo_landscape,satellite of this site,satellite,huangsongyu,no,,keep,family=other,no
fenghuangshan-hlj,other,/covers/fenghuangshan-hlj.jpg,satellite,analog huangsongyu (same family other),analog,huangsongyu,no,,keep,family=other,no
shankou,other,/covers/shankou.jpg,photo_landscape,own extra (/covers/shankou-2.jpg),own,huangsongyu,no,,keep,family=other,no
mohe,other,/covers/mohe.jpg,photo_landscape,satellite of this site,satellite,huangsongyu,no,,keep,family=other,no
qinggang,fossil,/covers/qinggang.jpg,satellite,own extra (/covers/qinggang-2.jpg),own,chengjiang,no,,keep,family=fossil,no
jiguanshan,other,/covers/jiguanshan.jpg,photo_landscape,own extra (/covers/jiguanshan-2.jpg),own,huangsongyu,no,,keep,family=other,no
chongming,coast,/covers/chongming.jpg,photo_landscape,satellite of this site,satellite,dapeng,no,,keep,family=coast,yes
sheshan,volcano,/covers/sheshan.jpg,photo_landscape,own extra (/covers/sheshan-2.jpg),own,wudalianchi,no,must not analog Shanghai national geopark (Chongming) as the same park,volcano analog OK; never call Sheshan Shanghai national geopark,national geopark is Chongming,yes
taihu-xishan,other,/covers/taihu-xishan.jpg,photo_landscape,satellite of this site,satellite,huangsongyu,no,,keep,family=other,no
luhe,volcano,/covers/luhe.jpg,photo_landscape,own extra (/covers/luhe-2.jpg),own,wudalianchi,no,,keep,family=volcano,no
tangshan-fangshan,karst,/covers/tangshan-fangshan.jpg,photo_landscape,satellite of this site,satellite,shilin,no,,keep,family=karst,no
huaguoshan,other,/covers/huaguoshan.jpg,photo_landscape,satellite of this site,satellite,huangsongyu,no,,keep,family=other,no
changshan,stratigraphy,/covers/changshan.jpg,photo_landscape,satellite of this site,satellite,songshan,no,,keep,family=stratigraphy,no
linhai,volcano,/covers/linhai.jpg,photo_landscape,satellite of this site,satellite,wudalianchi,no,,keep,family=volcano,no
yandangshan,volcano,/covers/yandangshan.jpg,photo_landscape,satellite of this site,satellite,wudalianchi,no,,keep,family=volcano,no
xinchang,fossil,/covers/xinchang.jpg,satellite,analog chengjiang (same family fossil),analog,chengjiang,no,,keep,family=fossil,no
shenxianju,volcano,/covers/shenxianju.jpg,photo_landscape,satellite of this site,satellite,wudalianchi,no,,keep,family=volcano,no
xiandu,volcano,/covers/xiandu.jpg,photo_landscape,satellite of this site,satellite,wudalianchi,no,,keep,family=volcano,no
cangnan-fanshan,volcano,/covers/cangnan-fanshan.jpg,photo_landscape,satellite of this site,satellite,wudalianchi,no,,keep,family=volcano,no
meishan,stratigraphy,/covers/meishan.jpg,photo_outcrop,satellite of this site,satellite,songshan,no,,keep,family=stratigraphy,yes
gssp-huangnitang,stratigraphy,/covers/gssp-huangnitang.jpg,photo_outcrop,own extra (/covers/gssp-huangnitang-2.jpg),own,songshan,no,,keep,family=stratigraphy,yes
gssp-jiangshan,stratigraphy,/covers/gssp-jiangshan.jpg,photo_outcrop,own extra (/covers/gssp-jiangshan-2.jpg),own,songshan,no,,keep,family=stratigraphy,no
huangshan,granite_peak,/covers/huangshan.jpg,photo_landscape,satellite of this site,satellite,sanqingshan,no,,keep,family=granite_peak,yes
qiyunshan,danxia,/covers/qiyunshan.jpg,photo_landscape,own extra (/covers/qiyunshan-2.jpg),own,danxiashan,no,,keep,family=danxia,no
fushan,volcano,/covers/fushan.jpg,photo_landscape,satellite of this site,satellite,wudalianchi,no,,keep,family=volcano,no
bagongshan,stratigraphy,/covers/bagongshan.jpg,photo_landscape,satellite of this site,satellite,songshan,no,,keep,family=stratigraphy,no
guniujiang,granite_peak,/covers/guniujiang.jpg,photo_landscape,satellite of this site,satellite,huangshan,no,,keep,family=granite_peak,no
tianzhushan,granite_peak,/covers/tianzhushan.jpg,photo_landscape,satellite of this site,satellite,huangshan,no,,keep,family=granite_peak,no
dabieshan-luan,other,/covers/dabieshan-luan.jpg,photo_landscape,satellite of this site,satellite,huangsongyu,no,,keep,family=other,no
jiuhuashan,granite_peak,/covers/jiuhuashan.jpg,photo_landscape,satellite of this site,satellite,huangshan,no,,keep,family=granite_peak,no
fengyangshan,other,/covers/fengyangshan.jpg,satellite,analog huangsongyu (same family other),analog,huangsongyu,no,,keep,family=other,no
taijidong,karst,/covers/taijidong.jpg,photo_landscape,satellite of this site,satellite,shilin,no,,keep,family=karst,no
yashan,other,/covers/yashan.jpg,photo_landscape,satellite of this site,satellite,huangsongyu,no,,keep,family=other,no
qingyunshan,other,/covers/qingyunshan.jpg,photo_landscape,satellite of this site,satellite,huangsongyu,no,,keep,family=other,no
marenshan,other,/covers/marenshan.jpg,satellite,analog huangsongyu (same family other),analog,huangsongyu,no,,keep,family=other,no
shitai,karst,/covers/shitai.jpg,satellite,analog shilin (same family karst),analog,shilin,no,,keep,family=karst,no
zhangzhou-volcano,volcano,/covers/zhangzhou-volcano.jpg,photo_landscape,satellite of this site,satellite,wudalianchi,no,,keep,family=volcano,no
taining,danxia,/covers/taining.jpg,photo_landscape,satellite of this site,satellite,danxiashan,no,,keep,family=danxia,no
shenhuwan,coast,/covers/shenhuwan.jpg,satellite,analog dapeng (same family coast),analog,dapeng,no,,keep,family=coast,no
taimushan,granite_peak,/covers/taimushan.jpg,photo_landscape,satellite of this site,satellite,huangshan,no,,keep,family=granite_peak,no
tianedong,karst,/covers/tianedong.jpg,satellite,analog shilin (same family karst),analog,shilin,no,,keep,family=karst,no
shiniushan,volcano,/covers/shiniushan.jpg,satellite,analog wudalianchi (same family volcano),analog,wudalianchi,no,,keep,family=volcano,no
baishuiyang,volcano,/covers/baishuiyang.jpg,photo_landscape,satellite of this site,satellite,wudalianchi,no,,keep,family=volcano,no
yongan,karst,/covers/yongan.jpg,photo_landscape,satellite of this site,satellite,shilin,no,,keep,family=karst,no
guanzhishan,danxia,/covers/guanzhishan.jpg,photo_landscape,satellite of this site,satellite,danxiashan,no,,keep,family=danxia,no
baiyunshan-fj,volcano,/covers/baiyunshan-fj.jpg,photo_landscape,satellite of this site,satellite,wudalianchi,no,,keep,family=volcano,no
ningde,volcano,/covers/ningde.jpg,photo_landscape,satellite of this site,satellite,wudalianchi,no,,keep,family=volcano,no
longyan,danxia,/covers/longyan.jpg,photo_landscape,satellite of this site,satellite,danxiashan,no,,keep,family=danxia,no
lingtongshan,granite_peak,/covers/lingtongshan.jpg,satellite,analog huangshan (same family granite_peak),analog,huangshan,no,,keep,family=granite_peak,no
fozishan,volcano,/covers/fozishan.jpg,satellite,analog wudalianchi (same family volcano),analog,wudalianchi,no,,keep,family=volcano,no
qingliu,other,/covers/qingliu.jpg,satellite,analog huangsongyu (same family other),analog,huangsongyu,no,,keep,family=other,no
sanming-jiaoye,karst,/covers/sanming-jiaoye.jpg,satellite,analog shilin (same family karst),analog,shilin,no,,keep,family=karst,no
pingtan,coast,/covers/pingtan.jpg,photo_landscape,satellite of this site,satellite,dapeng,no,,keep,family=coast,no
sanduao,coast,/covers/sanduao.jpg,satellite,analog dapeng (same family coast),analog,dapeng,no,,keep,family=coast,no
guantaishan,volcano,/covers/guantaishan.jpg,satellite,analog wudalianchi (same family volcano),analog,wudalianchi,no,,keep,family=volcano,no
lushan,glacier,/covers/lushan.jpg,photo_landscape,satellite of this site,satellite,hailuogou,no,,keep,family=glacier,no
longhushan,danxia,/covers/longhushan.jpg,photo_landscape,satellite of this site,satellite,danxiashan,no,,keep,family=danxia,no
sanqingshan,granite_peak,/covers/sanqingshan.jpg,photo_landscape,satellite of this site,satellite,huangshan,no,,keep,family=granite_peak,yes
wugongshan,granite_peak,/covers/wugongshan.jpg,photo_landscape,satellite of this site,satellite,huangshan,no,,keep,family=granite_peak,no
shicheng,danxia,/covers/shicheng.jpg,photo_landscape,satellite of this site,satellite,danxiashan,no,,keep,family=danxia,no
shanwang,fossil,/covers/shanwang.jpg,satellite,analog chengjiang (same family fossil),analog,chengjiang,no,,keep,family=fossil,no
xiongershan,karst,/covers/xiongershan.jpg,photo_landscape,satellite of this site,satellite,shilin,no,,keep,family=karst,no
huanghe-delta,coast,/covers/huanghe-delta.jpg,photo_landscape,satellite of this site,satellite,dapeng,no,,keep,family=coast,no
taishan,stratigraphy,/covers/taishan.jpg,photo_landscape,satellite of this site,satellite,songshan,no,,keep,family=stratigraphy,yes
yimengshan,granite_peak,/covers/yimengshan.jpg,photo_landscape,satellite of this site,satellite,huangshan,no,,keep,family=granite_peak,no
changshan-islands,coast,/covers/changshan-islands.jpg,photo_landscape,satellite of this site,satellite,dapeng,no,,keep,family=coast,no
zhucheng,fossil,/covers/zhucheng.jpg,photo_landscape,satellite of this site,satellite,chengjiang,no,,keep,family=fossil,no
qingzhou,karst,/covers/qingzhou.jpg,photo_landscape,satellite of this site,satellite,shilin,no,,keep,family=karst,no
laiyang,fossil,/covers/laiyang.jpg,satellite,analog chengjiang (same family fossil),analog,chengjiang,no,,keep,family=fossil,no
yiyuan,karst,/covers/yiyuan.jpg,satellite,analog shilin (same family karst),analog,shilin,no,,keep,family=karst,no
changle-volcano,volcano,/covers/changle-volcano.jpg,photo_landscape,satellite of this site,satellite,wudalianchi,no,,keep,family=volcano,no
wulianshan,granite_peak,/covers/wulianshan.jpg,satellite,analog huangshan (same family granite_peak),analog,huangshan,no,,keep,family=granite_peak,no
yishan,granite_peak,/covers/yishan.jpg,satellite,analog huangshan (same family granite_peak),analog,huangshan,no,,keep,family=granite_peak,no
songshan,stratigraphy,/covers/songshan.jpg,photo_landscape,satellite of this site,satellite,jixian,no,,keep,family=stratigraphy,yes
yuntaishan,karst,/covers/yuntaishan.jpg,photo_landscape,satellite of this site,satellite,shilin,no,,keep,family=karst,yes
baotianman,other,/covers/baotianman.jpg,photo_landscape,satellite of this site,satellite,huangsongyu,no,,keep,family=other,no
wangwushan,stratigraphy,/covers/wangwushan.jpg,photo_landscape,satellite of this site,satellite,songshan,no,,keep,family=stratigraphy,no
funiushan,fossil,/covers/funiushan.jpg,photo_landscape,satellite of this site,satellite,chengjiang,no,,keep,family=fossil,no
chayashan,granite_peak,/covers/chayashan.jpg,photo_landscape,own extra (/covers/chayashan-2.jpg),own,huangshan,no,,keep,family=granite_peak,no
zhengzhou-huanghe,loess,/covers/zhengzhou-huanghe.jpg,photo_landscape,satellite of this site,satellite,luochuan,no,,keep,family=loess,no
guanshan,other,/covers/guanshan.jpg,photo_landscape,satellite of this site,satellite,huangsongyu,no,,keep,family=other,no
shenlingzhai,granite_peak,/covers/shenlingzhai.jpg,satellite,analog huangshan (same family granite_peak),analog,huangshan,no,,keep,family=granite_peak,no
daimeishan,other,/covers/daimeishan.jpg,satellite,analog huangsongyu (same family other),analog,huangsongyu,no,,keep,family=other,no
jingangtai,volcano,/covers/jingangtai.jpg,satellite,analog wudalianchi (same family volcano),analog,wudalianchi,no,,keep,family=volcano,no
xiaoqinling,other,/covers/xiaoqinling.jpg,satellite,analog huangsongyu (same family other),analog,huangsongyu,no,,keep,family=other,no
linlushan,other,/covers/linlushan.jpg,photo_landscape,satellite of this site,satellite,huangsongyu,no,,keep,family=other,no
ruyang,fossil,/covers/ruyang.jpg,satellite,analog chengjiang (same family fossil),analog,chengjiang,no,,keep,family=fossil,no
yaoshan,granite_peak,/covers/yaoshan.jpg,photo_landscape,satellite of this site,satellite,huangshan,no,,keep,family=granite_peak,no
sanxia,karst,/covers/sanxia.jpg,photo_landscape,satellite of this site,satellite,shilin,no,,keep,family=karst,no
shennongjia,karst,/covers/shennongjia.jpg,photo_landscape,satellite of this site,satellite,shilin,no,,keep,family=karst,no
mulanshan,other,/covers/mulanshan.jpg,satellite,analog huangsongyu (same family other),analog,huangsongyu,no,,keep,family=other,no
yunxian,fossil,/covers/yunxian.jpg,satellite,analog chengjiang (same family fossil),analog,chengjiang,no,,keep,family=fossil,no
wudangshan,other,/covers/wudangshan.jpg,photo_landscape,own extra (/covers/wudangshan-2.jpg),own,huangsongyu,no,,keep,family=other,no
dabieshan-hg,other,/covers/dabieshan-hg.jpg,photo_landscape,satellite of this site,satellite,huangsongyu,no,,keep,family=other,no
wufeng,karst,/covers/wufeng.jpg,photo_landscape,satellite of this site,satellite,shilin,no,,keep,family=karst,no
jiugongshan,other,/covers/jiugongshan.jpg,photo_landscape,satellite of this site,satellite,huangsongyu,no,,keep,family=other,no
enshi,karst,/covers/enshi.jpg,photo_landscape,satellite of this site,satellite,shilin,no,,keep,family=karst,no
changyang,karst,/covers/changyang.jpg,photo_landscape,satellite of this site,satellite,shilin,no,,keep,family=karst,no
yuanan,fossil,/covers/yuanan.jpg,satellite,analog chengjiang (same family fossil),analog,chengjiang,no,,keep,family=fossil,no
gssp-huanghuachang,stratigraphy,/covers/gssp-huanghuachang.jpg,photo_landscape,own extra (/covers/gssp-huanghuachang-2.jpg),own,songshan,no,,keep,family=stratigraphy,no
gssp-wangjiawan,stratigraphy,/covers/gssp-wangjiawan.jpg,photo_landscape,satellite of this site,satellite,songshan,no,,keep,family=stratigraphy,no
zhangjiajie,zhangjiajie_sandstone,/covers/zhangjiajie.jpg,photo_landscape,own extra (/covers/zhangjiajie-2.jpg),own,zhangshiyan,no,must not analog karst (Shilin/Guilin),keep,family=zhangjiajie_sandstone,yes
feitianshan,danxia,/covers/feitianshan.jpg,satellite,analog danxiashan (same family danxia),analog,danxiashan,no,,keep,family=danxia,no
langshan,danxia,/covers/langshan.jpg,photo_landscape,satellite of this site,satellite,danxiashan,no,,keep,family=danxia,no
fenghuang,karst,/covers/fenghuang.jpg,photo_landscape,satellite of this site,satellite,shilin,no,,keep,family=karst,no
hongshilin,karst,/covers/hongshilin.jpg,satellite,analog shilin (same family karst),analog,shilin,no,,keep,family=karst,no
jiubujiang,karst,/covers/jiubujiang.jpg,satellite,analog shilin (same family karst),analog,shilin,no,,keep,family=karst,no
wulongshan,karst,/covers/wulongshan.jpg,satellite,analog shilin (same family karst),analog,shilin,no,,keep,family=karst,no
meijiang,karst,/covers/meijiang.jpg,photo_landscape,satellite of this site,satellite,shilin,no,,keep,family=karst,no
shiniuzhai,danxia,/covers/shiniuzhai.jpg,satellite,analog danxiashan (same family danxia),analog,danxiashan,no,,keep,family=danxia,no
daweishan,granite_peak,/covers/daweishan.jpg,satellite,analog huangshan (same family granite_peak),analog,huangshan,no,,keep,family=granite_peak,no
wanfoshan,danxia,/covers/wanfoshan.jpg,satellite,analog danxiashan (same family danxia),analog,danxiashan,no,,keep,family=danxia,no
xuefenghu,other,/covers/xuefenghu.jpg,satellite,analog huangsongyu (same family other),analog,huangsongyu,no,,keep,family=other,no
mangshan,granite_peak,/covers/mangshan.jpg,photo_landscape,satellite of this site,satellite,huangshan,no,,keep,family=granite_peak,no
baishuidong,karst,/covers/baishuidong.jpg,satellite,analog shilin (same family karst),analog,shilin,no,,keep,family=karst,no
xiangxi,karst,/covers/xiangxi.jpg,photo_landscape,satellite of this site,satellite,shilin,no,,keep,family=karst,no
gssp-paibi,stratigraphy,/covers/gssp-paibi.jpg,photo_landscape,own extra (/covers/gssp-paibi-2.jpg),own,songshan,no,,keep,family=stratigraphy,no
gssp-guzhang,stratigraphy,/covers/gssp-guzhang.jpg,photo_landscape,own extra (/covers/gssp-guzhang-2.jpg),own,songshan,no,,keep,family=stratigraphy,no
danxiashan,danxia,/covers/danxiashan.jpg,photo_landscape,own extra (/covers/danxiashan-3.jpg),own,longhushan,no,,keep,family=danxia,yes
huguangyan,volcano,/covers/huguangyan.jpg,photo_landscape,satellite of this site,satellite,wudalianchi,no,,keep,family=volcano,yes
xiqiaoshan,volcano,/covers/xiqiaoshan.jpg,photo_landscape,satellite of this site,satellite,wudalianchi,no,must not analog pahoehoe / Hawaiian basalt narrative,"trachyte quarry copy; analog volcano only, never pahoehoe caption",volcano family; SITE_NOTE forbids ropey lava,yes
lingxiaoyan,karst,/covers/lingxiaoyan.jpg,satellite,analog shilin (same family karst),analog,shilin,no,,keep,family=karst,no
dapeng,coast,/covers/dapeng.jpg,photo_landscape,own extra (/covers/dapeng-2.jpg),own,dalian-coast,no,,keep,family=coast,no
fengkai,karst,/covers/fengkai.jpg,satellite,analog shilin (same family karst),analog,shilin,no,,keep,family=karst,no
enping,other,/covers/enping.jpg,satellite,analog huangsongyu (same family other),analog,huangsongyu,no,,keep,family=other,no
yangshan,karst,/covers/yangshan.jpg,satellite,analog shilin (same family karst),analog,shilin,no,,keep,family=karst,no
qinglan,volcano,/covers/qinglan.jpg,satellite,analog wudalianchi (same family volcano),analog,wudalianchi,no,,keep,family=volcano,no
leiqiong,volcano,/covers/leiqiong.jpg,photo_landscape,satellite of this site,satellite,wudalianchi,no,,keep,family=volcano,yes
ziyuan,danxia,/covers/ziyuan.jpg,photo_landscape,satellite of this site,satellite,danxiashan,no,,keep,family=danxia,no
leye-fengshan,karst,/covers/leye-fengshan.jpg,photo_landscape,satellite of this site,satellite,shilin,no,,keep,family=karst,no
weizhoudao,volcano,/covers/weizhoudao.jpg,photo_landscape,own extra (/covers/weizhoudao-2.jpg),own,wudalianchi,no,,keep,family=volcano,no
fengshan,karst,/covers/fengshan.jpg,satellite,analog shilin (same family karst),analog,shilin,no,,keep,family=karst,no
xiangqiao,karst,/covers/xiangqiao.jpg,photo_landscape,satellite of this site,satellite,shilin,no,,keep,family=karst,no
qibailong,karst,/covers/qibailong.jpg,satellite,analog shilin (same family karst),analog,shilin,no,,keep,family=karst,no
guiping,other,/covers/guiping.jpg,photo_landscape,satellite of this site,satellite,huangsongyu,no,,keep,family=other,no
yizhou-shilin,karst,/covers/yizhou-shilin.jpg,satellite,analog shilin (same family karst),analog,shilin,no,,keep,family=karst,no
wuhuangshan,granite_peak,/covers/wuhuangshan.jpg,satellite,analog huangshan (same family granite_peak),analog,huangshan,no,,keep,family=granite_peak,no
duan,karst,/covers/duan.jpg,photo_landscape,satellite of this site,satellite,shilin,no,,keep,family=karst,no
luocheng,karst,/covers/luocheng.jpg,satellite,analog shilin (same family karst),analog,shilin,no,,keep,family=karst,no
donglan,karst,/covers/donglan.jpg,photo_landscape,satellite of this site,satellite,shilin,no,,keep,family=karst,no
guilin-karst,karst,/covers/guilin-karst.jpg,photo_landscape,satellite of this site,satellite,shilin,no,,keep,family=karst,yes
gssp-penglaitan,stratigraphy,/covers/gssp-penglaitan.jpg,photo_landscape,own extra (/covers/gssp-penglaitan-2.jpg),own,songshan,no,,keep,family=stratigraphy,no
gssp-pengchong,stratigraphy,/covers/gssp-pengchong.jpg,satellite,analog songshan (same family stratigraphy),analog,songshan,no,,keep,family=stratigraphy,no
haikou-volcano,volcano,/covers/haikou-volcano.jpg,photo_landscape,satellite of this site,satellite,wudalianchi,no,,keep,family=volcano,no
baisha-crater,other,/covers/baisha-crater.jpg,satellite,analog huangsongyu (same family other),analog,huangsongyu,no,,keep,family=other,no
wulong,karst,/covers/wulong.jpg,photo_landscape,satellite of this site,satellite,shilin,no,,keep,family=karst,no
xiaonanhai,geo_hazard,/covers/xiaonanhai.jpg,photo_landscape,own extra (/covers/xiaonanhai-2.jpg),own,cuihuashan,no,,keep,family=geo_hazard,no
yunyang,fossil,/covers/yunyang.jpg,photo_landscape,satellite of this site,satellite,chengjiang,no,,keep,family=fossil,no
wansheng,karst,/covers/wansheng.jpg,photo_landscape,satellite of this site,satellite,shilin,no,,keep,family=karst,no
qijiang,fossil,/covers/qijiang.jpg,photo_landscape,satellite of this site,satellite,chengjiang,no,,keep,family=fossil,no
qiyaoshan,karst,/covers/qiyaoshan.jpg,satellite,analog shilin (same family karst),analog,shilin,no,,keep,family=karst,no
zigong,fossil,/covers/zigong.jpg,photo_landscape,satellite of this site,satellite,chengjiang,no,,keep,family=fossil,yes
longmenshan,geo_hazard,/covers/longmenshan.jpg,photo_landscape,satellite of this site,satellite,xiaonanhai,no,,keep,family=geo_hazard,no
hailuogou,glacier,/covers/hailuogou.jpg,photo_landscape,satellite of this site,satellite,yulongxueshan,no,,keep,family=glacier,no
daduhe,other,/covers/daduhe.jpg,photo_landscape,satellite of this site,satellite,huangsongyu,no,,keep,family=other,no
anxiang,fossil,/covers/anxiang.jpg,satellite,analog chengjiang (same family fossil),analog,chengjiang,no,,keep,family=fossil,no
jiuzhaigou,karst,/covers/jiuzhaigou.jpg,photo_landscape,satellite of this site,satellite,shilin,no,,keep,family=karst,no
huanglong,karst,/covers/huanglong.jpg,photo_landscape,satellite of this site,satellite,shilin,no,,keep,family=karst,no
xingwen,karst,/covers/xingwen.jpg,photo_landscape,satellite of this site,satellite,shilin,no,,keep,family=karst,no
shehong,fossil,/covers/shehong.jpg,satellite,analog chengjiang (same family fossil),analog,chengjiang,no,,keep,family=fossil,no
siguniang,glacier,/covers/siguniang.jpg,photo_landscape,satellite of this site,satellite,hailuogou,no,,keep,family=glacier,no
huayingshan,other,/covers/huayingshan.jpg,satellite,analog huangsongyu (same family other),analog,huangsongyu,no,,keep,family=other,no
jiangyou,stratigraphy,/covers/jiangyou.jpg,photo_landscape,satellite of this site,satellite,songshan,no,,keep,family=stratigraphy,no
dabashan,karst,/covers/dabashan.jpg,photo_landscape,satellite of this site,satellite,shilin,no,,keep,family=karst,no
guangwushan,karst,/covers/guangwushan.jpg,photo_landscape,satellite of this site,satellite,shilin,no,,keep,family=karst,no
qingchuan,geo_hazard,/covers/qingchuan.jpg,satellite,analog xiaonanhai (same family geo_hazard),analog,xiaonanhai,no,,keep,family=geo_hazard,no
mianzhu,geo_hazard,/covers/mianzhu.jpg,satellite,analog xiaonanhai (same family geo_hazard),analog,xiaonanhai,no,,keep,family=geo_hazard,no
gesala,other,/covers/gesala.jpg,satellite,analog huangsongyu (same family other),analog,huangsongyu,no,,keep,family=other,no
daguglacier,glacier,/covers/daguglacier.jpg,photo_landscape,satellite of this site,satellite,hailuogou,no,,keep,family=glacier,no
guanling,fossil,/covers/guanling.jpg,satellite,analog chengjiang (same family fossil),analog,chengjiang,no,,keep,family=fossil,no
xingyi,karst,/covers/xingyi.jpg,photo_landscape,satellite of this site,satellite,shilin,no,,keep,family=karst,no
zhijindong,karst,/covers/zhijindong.jpg,photo_landscape,satellite of this site,satellite,shilin,no,,keep,family=karst,no
shuanghedong,karst,/covers/shuanghedong.jpg,satellite,analog shilin (same family karst),analog,shilin,no,,keep,family=karst,no
wumengshan,karst,/covers/wumengshan.jpg,satellite,analog shilin (same family karst),analog,shilin,no,,keep,family=karst,no
pingtang,karst,/covers/pingtang.jpg,photo_landscape,satellite of this site,satellite,shilin,no,,keep,family=karst,no
sinan,karst,/covers/sinan.jpg,satellite,analog shilin (same family karst),analog,shilin,no,,keep,family=karst,no
miaoling,karst,/covers/miaoling.jpg,satellite,analog shilin (same family karst),analog,shilin,no,,keep,family=karst,no
chishui,danxia,/covers/chishui.jpg,photo_landscape,satellite of this site,satellite,danxiashan,no,,keep,family=danxia,no
getuhe,karst,/covers/getuhe.jpg,photo_landscape,satellite of this site,satellite,shilin,no,,keep,family=karst,no
gssp-wuliu,stratigraphy,/covers/gssp-wuliu.jpg,photo_landscape,own extra (/covers/gssp-wuliu-2.jpg),own,songshan,no,,keep,family=stratigraphy,no
shilin,karst,/covers/shilin.jpg,photo_landscape,own extra (/covers/shilin-2.jpg),own,guilin-karst,no,,keep,family=karst,yes
chengjiang,fossil,/covers/chengjiang.jpg,photo_landscape,satellite of this site,satellite,zhucheng,no,,keep,family=fossil,yes
tengchong,volcano,/covers/tengchong.jpg,photo_landscape,satellite of this site,satellite,wudalianchi,no,,keep,family=volcano,no
lufeng,fossil,/covers/lufeng.jpg,photo_landscape,satellite of this site,satellite,chengjiang,no,,keep,family=fossil,no
laojunshan,danxia,/covers/laojunshan.jpg,photo_landscape,own extra (/covers/laojunshan-2.jpg),own,danxiashan,no,,keep,family=danxia,no
cangshan,glacier,/covers/cangshan.jpg,photo_landscape,satellite of this site,satellite,hailuogou,no,,keep,family=glacier,no
yulongxueshan,glacier,/covers/yulongxueshan.jpg,photo_landscape,satellite of this site,satellite,hailuogou,no,,keep,family=glacier,no
jiuxiang,karst,/covers/jiuxiang.jpg,photo_landscape,satellite of this site,satellite,shilin,no,,keep,family=karst,no
luoping,fossil,/covers/luoping.jpg,satellite,analog chengjiang (same family fossil),analog,chengjiang,no,,keep,family=fossil,no
alu,karst,/covers/alu.jpg,photo_landscape,satellite of this site,satellite,shilin,no,,keep,family=karst,no
dongchuan,geo_hazard,/covers/dongchuan.jpg,satellite,analog xiaonanhai (same family geo_hazard),analog,xiaonanhai,no,,keep,family=geo_hazard,no
weishan,other,/covers/weishan.jpg,photo_landscape,satellite of this site,satellite,huangsongyu,no,,keep,family=other,no
yigong,geo_hazard,/covers/yigong.jpg,satellite,analog xiaonanhai (same family geo_hazard),analog,xiaonanhai,no,,keep,family=geo_hazard,no
zhada,yardang,/covers/zhada.jpg,photo_landscape,satellite of this site,satellite,dunhuang,no,,keep,family=yardang,yes
everest-ordovician,stratigraphy,/covers/everest-ordovician.jpg,photo_landscape,satellite of this site,satellite,songshan,no,,keep,family=stratigraphy,no
rongbuk,other,/covers/rongbuk.jpg,photo_landscape,satellite of this site,satellite,huangsongyu,no,,keep,family=other,no
cuihuashan,geo_hazard,/covers/cuihuashan.jpg,photo_landscape,satellite of this site,satellite,xiaonanhai,no,,keep,family=geo_hazard,no
luochuan,loess,/covers/luochuan.jpg,photo_outcrop,own extra (/covers/luochuan-2.jpg),own,ordos,no,,keep,family=loess,yes
yanchuan,other,/covers/yanchuan.jpg,photo_landscape,satellite of this site,satellite,huangsongyu,no,,keep,family=other,no
jinsixia,karst,/covers/jinsixia.jpg,satellite,analog shilin (same family karst),analog,shilin,no,,keep,family=karst,no
nangongshan,volcano,/covers/nangongshan.jpg,satellite,analog wudalianchi (same family volcano),analog,wudalianchi,no,,keep,family=volcano,no
huashan,granite_peak,/covers/huashan.jpg,photo_landscape,satellite of this site,satellite,huangshan,no,,keep,family=granite_peak,no
liping,karst,/covers/liping.jpg,satellite,analog shilin (same family karst),analog,shilin,no,,keep,family=karst,no
dunhuang,yardang,/covers/dunhuang.jpg,photo_landscape,satellite of this site,satellite,alxa,no,,keep,family=yardang,yes
liujiaxia,fossil,/covers/liujiaxia.jpg,satellite,analog chengjiang (same family fossil),analog,chengjiang,no,,keep,family=fossil,no
kongtongshan,danxia,/covers/kongtongshan.jpg,photo_landscape,satellite of this site,satellite,danxiashan,no,,keep,family=danxia,no
huanghe-shilin,other,/covers/huanghe-shilin.jpg,photo_landscape,satellite of this site,satellite,huangsongyu,no,,keep,family=other,no
linxia,fossil,/covers/linxia.jpg,photo_landscape,satellite of this site,satellite,chengjiang,no,,keep,family=fossil,no
maijishan,danxia,/covers/maijishan.jpg,photo_landscape,satellite of this site,satellite,danxiashan,no,,keep,family=danxia,no
zhangye,colorful_clastic,/covers/zhangye.jpg,photo_landscape,satellite of this site,satellite,,no,must not analog Danxiashan / danxia family,no Danxia analog; stops fall back to this-site satellite,colorful_clastic only; Zhangye ≠ Danxiashan,yes
bingling,danxia,/covers/bingling.jpg,photo_landscape,satellite of this site,satellite,danxiashan,no,,keep,family=danxia,no
guangeogou,other,/covers/guangeogou.jpg,satellite,analog huangsongyu (same family other),analog,huangsongyu,no,,keep,family=other,no
yeliguan,other,/covers/yeliguan.jpg,satellite,analog huangsongyu (same family other),analog,huangsongyu,no,,keep,family=other,no
pingshanhu,yardang,/covers/pingshanhu.jpg,photo_landscape,own extra (/covers/pingshanhu-2.jpg),own,dunhuang,no,,keep,family=yardang,yes
zhagana,other,/covers/zhagana.jpg,photo_landscape,satellite of this site,satellite,huangsongyu,no,,keep,family=other,no
hezheng,fossil,/covers/hezheng.jpg,satellite,analog chengjiang (same family fossil),analog,chengjiang,no,,keep,family=fossil,no
kanbula,danxia,/covers/kanbula.jpg,photo_landscape,satellite of this site,satellite,danxiashan,no,,keep,family=danxia,no
kunlunshan,glacier,/covers/kunlunshan.jpg,photo_landscape,satellite of this site,satellite,hailuogou,no,,keep,family=glacier,no
huzhu,other,/covers/huzhu.jpg,photo_landscape,satellite of this site,satellite,huangsongyu,no,,keep,family=other,no
nianbaoyuze,granite_peak,/covers/nianbaoyuze.jpg,photo_landscape,satellite of this site,satellite,huangshan,no,,keep,family=granite_peak,no
guide,other,/covers/guide.jpg,photo_landscape,satellite of this site,satellite,huangsongyu,no,,keep,family=other,no
animaging,glacier,/covers/animaging.jpg,photo_landscape,satellite of this site,satellite,hailuogou,no,,keep,family=glacier,no
huoshizhai,danxia,/covers/huoshizhai.jpg,photo_landscape,own extra (/covers/huoshizhai-2.jpg),own,danxiashan,no,,keep,family=danxia,no
kanas,glacier,/covers/kanas.jpg,photo_landscape,satellite of this site,satellite,hailuogou,no,,keep,family=glacier,no
qitai,fossil,/covers/qitai.jpg,satellite,analog chengjiang (same family fossil),analog,chengjiang,no,,keep,family=fossil,no
keketuohai,granite_peak,/covers/keketuohai.jpg,photo_landscape,satellite of this site,satellite,huangshan,no,,keep,family=granite_peak,no
tianshan-tianchi,glacier,/covers/tianshan-tianchi.jpg,photo_landscape,satellite of this site,satellite,hailuogou,no,,keep,family=glacier,no
kuqa,other,/covers/kuqa.jpg,photo_landscape,satellite of this site,satellite,huangsongyu,no,,keep,family=other,no
jimunai,other,/covers/jimunai.jpg,satellite,analog huangsongyu (same family other),analog,huangsongyu,no,,keep,family=other,no
hongkong,volcano,/covers/hongkong.jpg,photo_landscape,satellite of this site,satellite,wudalianchi,no,,keep,family=volcano,yes
