slug,file,type,ok_for_cover,action,credit,name
fangshan,/covers/fangshan.jpg,photo_outcrop,yes,keep,"a href=""//commons.wikimedia.org/wiki/User:David290"" class=""mw-redirect"" title=""U, Wikimedia Commons",房山世界地质公园
shihuadong,/covers/shihuadong.jpg,photo_landscape,yes,keep,Wikimedia Commons,北京石花洞国家地质公园
shidu,/covers/shidu.jpg,photo_landscape,yes,keep,Wikimedia Commons,北京十渡国家地质公园
yanqing,/covers/yanqing.jpg,photo_outcrop,yes,keep,"Kinianox, CC BY-SA",北京延庆世界地质公园
huangsongyu,/covers/huangsongyu.jpg,photo_landscape,yes,keep,维基百科「黄松峪乡」条目配图 · 资料照片,北京平谷黄松峪国家地质公园
yunmengshan,/covers/yunmengshan.jpg,photo_landscape,yes,keep,"Tiger@西北, CC BY-SA 3.0, Wikimedia Commons",北京密云云蒙山国家地质公园
zhoukoudian,/covers/zhoukoudian.jpg,photo_outcrop,yes,keep,维基百科「周口店北京人遗址」条目配图,周口店北京人遗址
jixian,/covers/jixian.jpg,photo_outcrop,yes,replaced_map_with_wumishan_outcrop,"李怀坤等, 2014, 岩石学报 30(10) 图2 · 蓟县雾迷山组野外露头 · 资料照片",天津蓟县国家地质公园
baishishan,/covers/baishishan.jpg,photo_landscape,yes,keep,Wikimedia Commons,河北涞源白石山国家地质公园
tianshengqiao,/covers/tianshengqiao.jpg,photo_landscape,yes,keep,携程攻略 / 景区公开资料照片 · 阜平天生桥,河北阜平天生桥国家地质公园
liujiang,/covers/liujiang.jpg,photo_outcrop,yes,keep,维基百科「抚宁区」条目配图 · 资料照片,河北秦皇岛柳江国家地质公园
zhangshiyan,/covers/zhangshiyan.jpg,photo_landscape,yes,keep,新华网河北频道 / 赞皇县委宣传部供图,河北赞皇嶂石岩国家地质公园
yesanpo,/covers/yesanpo.jpg,photo_landscape,yes,keep,Wikimedia Commons,河北涞水野三坡国家地质公园
lincheng,/covers/lincheng.jpg,photo_landscape,yes,keep,"Fanghong, CC BY-SA 3.0, Wikimedia Commons · 资料照片",河北临城国家地质公园
wuan,/covers/wuan.jpg,photo_landscape,yes,keep,"H2v5o68z, CC0, Wikimedia Commons · File:Tianzhu Peak, Gu Wudang Mountain.jpg",河北武安国家地质公园
xinglong,/covers/xinglong.jpg,satellite,yes,keep,Esri World Imagery · 该点坐标卫星资料照片，非本站踏勘,河北兴隆国家地质公园
qianan,/covers/qianan.jpg,photo_landscape,yes,keep,"钉钉, CC BY-SA 4.0, Wikimedia Commons · 资料照片",河北迁安国家地质公园
chengde-danxia,/covers/chengde-danxia.jpg,photo_landscape,yes,keep,Wikimedia Commons,河北承德丹霞地貌国家地质公园
xingtai-canyon,/covers/xingtai-canyon.jpg,photo_landscape,yes,keep,资料照片 · 人民网记者 席彪 · 人民网河北频道 · 政府/园区官方图，已署名并链回,河北邢台峡谷群国家地质公园
hukou,/covers/hukou.jpg,photo_landscape,yes,keep,"Wikimedia Commons · Hukou_Waterfalls,_Shaanxi_28.jpg",黄河壶口瀑布国家地质公园
wutaishan,/covers/wutaishan.jpg,photo_outcrop,yes,keep,Wikimedia Commons,山西五台山国家地质公园
huguan,/covers/huguan.jpg,photo_landscape,yes,keep,Wikimedia Commons,山西壶关峡谷国家地质公园
ningwu,/covers/ningwu.jpg,photo_landscape,yes,keep,Wikimedia Commons,山西宁武冰洞国家地质公园
wangmangling,/covers/wangmangling.jpg,photo_landscape,yes,keep,Wikimedia Commons · 王莽岭,山西陵川王莽岭国家地质公园
datong-volcano,/covers/datong-volcano.jpg,photo_landscape,yes,keep,资料照片 · 大同市委宣传部供图 / 中国国际广播电台 · 政府/园区官方图，已署名并链回,山西大同火山群国家地质公园
yonghe,/covers/yonghe.jpg,photo_landscape,yes,keep,Wikimedia Commons,山西永和黄河蛇曲国家地质公园
pingshun,/covers/pingshun.jpg,photo_landscape,yes,keep,Wikimedia Commons,山西平顺天脊山地质公园
yushe,/covers/yushe.jpg,photo_outcrop,yes,keep,维基百科「榆社县」条目配图 · 资料照片,山西榆社古生物化石地质公园
youyu,/covers/youyu.jpg,photo_landscape,yes,keep,维基百科「右玉县」条目配图 · 资料照片,山西右玉火山颈群国家地质公园
xixian-loess,/covers/xixian-loess.jpg,satellite,yes,keep,Esri World Imagery · 该点坐标卫星资料照片，非本站踏勘,山西隰县黄土地质公园
hexigten,/covers/hexigten.jpg,photo_landscape,yes,keep,"a rel=""nofollow"" class=""external text"" href=""https://web.archive.org/web/2016102, Wikimedia Commons",内蒙古克什克腾世界地质公园
arxan,/covers/arxan.jpg,photo_landscape,yes,keep,Wikimedia Commons,内蒙古阿尔山世界地质公园
alxa,/covers/alxa.jpg,photo_landscape,yes,keep,"NASA Earth Observatory image by Jesse Allen, using Landsat data from the U.S. Ge, Wikimedia Commons",内蒙古阿拉善沙漠世界地质公园
erenhot,/covers/erenhot.jpg,photo_outcrop,yes,keep,Wikimedia Commons,内蒙古二连浩特国家地质公园
ningcheng,/covers/ningcheng.jpg,photo_outcrop,yes,keep,维基百科「Ningcheng County」条目配图 · 资料照片,内蒙古宁城国家地质公园
bayannur,/covers/bayannur.jpg,photo_landscape,yes,keep,Wikimedia Commons,内蒙古巴彦淖尔国家地质公园
ordos,/covers/ordos.jpg,photo_landscape,yes,keep,Wikimedia Commons,内蒙古鄂尔多斯国家地质公园
laoniuwan,/covers/laoniuwan.jpg,photo_landscape,yes,keep,Wikimedia Commons,内蒙古清水河老牛湾国家地质公园
siziwang,/covers/siziwang.jpg,photo_landscape,yes,keep,Wikimedia Commons,内蒙古四子王地质公园
oroqen,/covers/oroqen.jpg,photo_landscape,yes,keep,Wikimedia Commons,内蒙古鄂伦春国家地质公园
xilinhot,/covers/xilinhot.jpg,photo_landscape,yes,keep,维基百科「锡林浩特市」条目配图 · 资料照片,内蒙古锡林浩特草原火山国家地质公园
qiguoshan,/covers/qiguoshan.jpg,photo_landscape,yes,keep,"BabelStone, CC BY-SA 3.0, Wikimedia Commons · 资料照片",内蒙古巴林左旗七锅山国家地质公园
ulanqab,/covers/ulanqab.jpg,photo_landscape,yes,keep,Wikimedia Commons,内蒙古乌兰察布国家地质公园
wuda,/covers/wuda.jpg,photo_outcrop,yes,keep,"fish4fish, CC BY-SA 3.0, Wikimedia Commons · 资料照片",乌达植物庞贝城
badain-jaran,/covers/badain-jaran.jpg,photo_landscape,yes,keep,Wikimedia Commons,巴丹吉林必鲁特沙山湖泊
chaoyang,/covers/chaoyang.jpg,photo_outcrop,yes,keep,Wikimedia Commons,辽宁朝阳鸟化石国家地质公园
benxi,/covers/benxi.jpg,photo_landscape,yes,keep,Wikimedia Commons,辽宁本溪国家地质公园
dalian-coast,/covers/dalian-coast.jpg,photo_landscape,yes,keep,Wikimedia Commons,辽宁大连滨海国家地质公园
bingyugou,/covers/bingyugou.jpg,photo_landscape,yes,keep,Wikimedia Commons · Bingyu Valley rock formation,辽宁大连冰峪沟国家地质公园
jinzhou,/covers/jinzhou.jpg,photo_outcrop,yes,keep,"Wen2li3, CC BY-SA 4.0, Wikimedia Commons · File:Bi jia shan at high tide.JPG",辽宁锦州古生物化石和花岗岩地质公园
huludao,/covers/huludao.jpg,satellite,yes,keep,Esri World Imagery · 该点坐标卫星资料照片，非本站踏勘,辽宁葫芦岛龙潭大峡谷地质公园
changbaishan,/covers/changbaishan.jpg,photo_landscape,yes,keep,Wikimedia Commons / 公开资料照片,吉林长白山世界地质公园
jingyu,/covers/jingyu.jpg,photo_landscape,yes,keep,"Bridget Coila from Beijing, China, CC BY-SA 2.0, Wikimedia Commons · 资料照片",吉林靖宇火山矿泉群国家地质公园
qianan-mud,/covers/qianan-mud.jpg,photo_landscape,yes,keep,Wikimedia Commons,吉林乾安泥林国家地质公园
fusong,/covers/fusong.jpg,photo_landscape,yes,keep,"wanghongliu, CC BY-SA 3.0, Wikimedia Commons · 资料照片",吉林抚松国家地质公园
siping,/covers/siping.jpg,photo_landscape,yes,keep,"Siyuwj, CC BY-SA 4.0, Wikimedia Commons · 资料照片",吉林四平地质公园
longwan,/covers/longwan.jpg,photo_landscape,yes,keep,"Rolfmueller, CC BY-SA 3.0, Wikimedia Commons · File:Longwanqun national forest park sanjiaolong crater lake 2011 07 25.jpg",吉林辉南龙湾火山国家地质公园
wudalianchi,/covers/wudalianchi.jpg,photo_landscape,yes,keep,Wikimedia Commons / 公开资料照片,黑龙江五大连池世界地质公园
jiayin,/covers/jiayin.jpg,photo_outcrop,yes,keep,Wikimedia Commons,黑龙江嘉荫恐龙国家地质公园
yichun-forest,/covers/yichun-forest.jpg,photo_landscape,yes,keep,资料照片 · 人民网记者 苏靖刚 · 人民网黑龙江频道 · 政府/园区官方图，已署名并链回,黑龙江伊春花岗岩石林国家地质公园
jingpohu,/covers/jingpohu.jpg,photo_landscape,yes,keep,Wikimedia Commons,黑龙江镜泊湖世界地质公园
xingkaihu,/covers/xingkaihu.jpg,photo_landscape,yes,keep,Wikimedia Commons,黑龙江兴凯湖国家地质公园
xiaoxinggan,/covers/xiaoxinggan.jpg,photo_landscape,yes,keep,Wikimedia Commons,黑龙江伊春小兴安岭国家地质公园
fenghuangshan-hlj,/covers/fenghuangshan-hlj.jpg,satellite,yes,keep,Esri World Imagery · 该点坐标卫星资料照片，非本站踏勘,黑龙江凤凰山国家地质公园
shankou,/covers/shankou.jpg,photo_landscape,yes,keep,"Charlie fong, CC BY 4.0, Wikimedia Commons · 资料照片",黑龙江山口地质公园
mohe,/covers/mohe.jpg,photo_landscape,yes,keep,Wikimedia Commons,黑龙江漠河国家地质公园
qinggang,/covers/qinggang.jpg,satellite,yes,keep,Esri World Imagery · 该点坐标卫星资料照片，非本站踏勘,黑龙江青冈猛犸象国家地质公园
jiguanshan,/covers/jiguanshan.jpg,photo_landscape,yes,keep,"N509FZ, CC BY-SA 4.0, Wikimedia Commons · 资料照片",黑龙江鸡冠山国家地质公园
chongming,/covers/chongming.jpg,photo_landscape,yes,keep,Wikimedia Commons,上海崇明岛国家地质公园
sheshan,/covers/sheshan.jpg,photo_landscape,yes,keep_hill_photo,"上海道台, CC BY-SA 4.0, Wikimedia Commons · File:上海 松江 佘山 西佘山 远眺.jpg · 西佘山山体远眺 · 资料照片",上海佘山
taihu-xishan,/covers/taihu-xishan.jpg,photo_landscape,yes,keep,Wikimedia Commons,江苏苏州太湖西山国家地质公园
luhe,/covers/luhe.jpg,photo_landscape,yes,keep,六合区文化旅游局，南京市六合区人民政府官网 · 桂子山石柱林,江苏六合国家地质公园
tangshan-fangshan,/covers/tangshan-fangshan.jpg,photo_landscape,yes,keep,"panoramio, CC BY 3.0, Wikimedia Commons · 南京方山火山石柱",江苏江宁汤山方山国家地质公园
huaguoshan,/covers/huaguoshan.jpg,photo_landscape,yes,keep,Wikimedia Commons,江苏连云港花果山地质公园
changshan,/covers/changshan.jpg,photo_outcrop,yes,keep,维基百科「Changshan」条目配图 · 资料照片,浙江常山世界地质公园
linhai,/covers/linhai.jpg,photo_landscape,yes,keep,Wikimedia Commons,浙江临海国家地质公园
yandangshan,/covers/yandangshan.jpg,photo_landscape,yes,keep,"a href=""//commons.wikimedia.org/w/index.php?title=User:Glasreifen&amp;action=edi, Wikimedia Commons",浙江雁荡山世界地质公园
xinchang,/covers/xinchang.jpg,satellite,yes,keep,Esri World Imagery · 该点坐标卫星资料照片，非本站踏勘,浙江新昌硅化木国家地质公园
shenxianju,/covers/shenxianju.jpg,photo_landscape,yes,keep,Wikimedia Commons · 台州神仙居,浙江仙居神仙居国家地质公园
xiandu,/covers/xiandu.jpg,photo_landscape,yes,keep,Wikimedia Commons · 缙云仙都鼎湖峰,浙江缙云仙都国家地质公园
cangnan-fanshan,/covers/cangnan-fanshan.jpg,photo_landscape,yes,keep,"金同学, CC BY 3.0, Wikimedia Commons · File:单车游苍南—矾山 - panoramio.jpg · 苍南矾山山地 · 资料照片",浙江苍南矾山国家地质公园
meishan,/covers/meishan.jpg,photo_landscape,yes,replaced_chart_with_quarry_corridor,IUGS Geoheritage Site 018 · 煤山长兴灰岩采石剖面与金钉子保护廊 · 资料照片,浙江长兴煤山
gssp-huangnitang,/covers/gssp-huangnitang.jpg,photo_outcrop,yes,swapped_monument_for_section,《中国科学报》/ 中国科学院 · 黄泥塘达瑞威尔阶金钉子剖面露头 · 资料照片,常山黄泥塘金钉子
gssp-jiangshan,/covers/gssp-jiangshan.jpg,photo_outcrop,yes,replaced_map_with_duibian_bedding,"Peng et al., 2012, Episodes 35(4) Fig.5C · 江山碓边 B 剖面华严寺组灰岩 · 资料照片",江山碓边金钉子
huangshan,/covers/huangshan.jpg,photo_landscape,yes,keep,Wikimedia Commons / 公开资料照片,安徽黄山世界地质公园
qiyunshan,/covers/qiyunshan.jpg,photo_landscape,yes,keep,"Julienfuchs, CC BY-SA 3.0, Wikimedia Commons · File:Qiyun Shan panorama.JPG",安徽齐云山国家地质公园
fushan,/covers/fushan.jpg,photo_landscape,yes,keep,"luchangjiang~鲁昌江, CC BY-SA 3.0, Wikimedia Commons · File:枞阳县浮山风景区 - panoramio.jpg",安徽浮山国家地质公园
bagongshan,/covers/bagongshan.jpg,photo_outcrop,yes,keep,"李泉, CC BY-SA 3.0, Wikimedia Commons",安徽淮南八公山国家地质公园
guniujiang,/covers/guniujiang.jpg,photo_landscape,yes,keep,"panoramio, Wikimedia Commons · 牯牛降",安徽祁门牯牛降国家地质公园
tianzhushan,/covers/tianzhushan.jpg,photo_landscape,yes,keep,"a href=""//commons.wikimedia.org/wiki/User:N509FZ"" title=""User:N509FZ"" N509FZ /a, Wikimedia Commons",安徽天柱山世界地质公园
dabieshan-luan,/covers/dabieshan-luan.jpg,photo_landscape,yes,keep,Wikimedia Commons · 天堂寨,安徽大别山（六安）国家地质公园
jiuhuashan,/covers/jiuhuashan.jpg,photo_landscape,yes,keep_heuristic_false_positive,"Felix Filnkoessl, Wikimedia Commons",安徽九华山世界地质公园
fengyangshan,/covers/fengyangshan.jpg,satellite,yes,keep,Esri World Imagery · 该点坐标卫星资料照片，非本站踏勘,安徽凤阳山国家地质公园
taijidong,/covers/taijidong.jpg,photo_landscape,yes,keep,景区公开资料照片 · 广德太极洞 · 资料照片,安徽广德太极洞地质公园
yashan,/covers/yashan.jpg,photo_landscape,yes,keep,Wikimedia Commons,安徽丫山地质公园
qingyunshan,/covers/qingyunshan.jpg,photo_landscape,yes,keep,Wikimedia Commons,安徽灵璧磬云山地质公园
marenshan,/covers/marenshan.jpg,satellite,yes,keep,Esri World Imagery · 该点坐标卫星资料照片，非本站踏勘,安徽繁昌马仁山地质公园
shitai,/covers/shitai.jpg,satellite,yes,keep,Esri World Imagery · 该点坐标卫星资料照片，非本站踏勘,安徽石台溶洞地质公园
zhangzhou-volcano,/covers/zhangzhou-volcano.jpg,photo_landscape,yes,keep,"弧微分, CC BY-SA 3.0, Wikimedia Commons",福建漳州滨海火山国家地质公园
taining,/covers/taining.jpg,photo_landscape,yes,keep,Wikimedia Commons 缩略图,福建泰宁世界地质公园
shenhuwan,/covers/shenhuwan.jpg,satellite,yes,keep,Esri World Imagery · 该点坐标卫星资料照片，非本站踏勘,福建晋江深沪湾国家地质公园
taimushan,/covers/taimushan.jpg,photo_landscape,yes,keep,Wikimedia Commons,福建福鼎太姥山国家地质公园
tianedong,/covers/tianedong.jpg,satellite,yes,keep,Esri World Imagery · 该点坐标卫星资料照片，非本站踏勘,福建宁化天鹅洞群国家地质公园
shiniushan,/covers/shiniushan.jpg,satellite,yes,keep,Esri World Imagery · 该点坐标卫星资料照片，非本站踏勘,福建德化石牛山国家地质公园
baishuiyang,/covers/baishuiyang.jpg,photo_landscape,yes,keep,"rheins, CC BY 3.0, Wikimedia Commons",福建屏南白水洋国家地质公园
yongan,/covers/yongan.jpg,photo_outcrop,yes,keep,Wikimedia Commons,福建永安国家地质公园
guanzhishan,/covers/guanzhishan.jpg,photo_landscape,yes,keep,Wikimedia Commons,福建连城冠豸山国家地质公园
baiyunshan-fj,/covers/baiyunshan-fj.jpg,photo_landscape,yes,keep,"咋了, cc0, Openverse · 资料照片",福建白云山国家地质公园
ningde,/covers/ningde.jpg,photo_landscape,yes,keep,维基百科「太姥山」条目配图,福建宁德世界地质公园
longyan,/covers/longyan.jpg,photo_landscape,yes,keep,Wikimedia Commons 缩略图,福建龙岩世界地质公园
lingtongshan,/covers/lingtongshan.jpg,satellite,yes,keep,Esri World Imagery · 该点坐标卫星资料照片，非本站踏勘,福建平和灵通山地质公园
fozishan,/covers/fozishan.jpg,satellite,yes,keep,Esri World Imagery · 该点坐标卫星资料照片，非本站踏勘,福建政和佛子山地质公园
qingliu,/covers/qingliu.jpg,satellite,yes,keep,Esri World Imagery · 该点坐标卫星资料照片，非本站踏勘,福建清流温泉地质公园
sanming-jiaoye,/covers/sanming-jiaoye.jpg,satellite,yes,keep,Esri World Imagery · 该点坐标卫星资料照片，非本站踏勘,福建三明郊野地质公园
pingtan,/covers/pingtan.jpg,photo_landscape,yes,keep,Wikimedia Commons,福建平潭国家地质公园
sanduao,/covers/sanduao.jpg,satellite,yes,keep,Esri World Imagery · 该点坐标卫星资料照片，非本站踏勘,福建宁德三都澳地质公园
guantaishan,/covers/guantaishan.jpg,satellite,yes,keep,Esri World Imagery · 该点坐标卫星资料照片，非本站踏勘,福建寿宁官台山国家地质公园
lushan,/covers/lushan.jpg,photo_outcrop,yes,keep,Wikimedia Commons,江西庐山世界地质公园
longhushan,/covers/longhushan.jpg,photo_landscape,yes,keep,"a rel=""nofollow"" class=""external text"" href=""https://www.flickr.com/people/81459, Wikimedia Commons",江西龙虎山世界地质公园
sanqingshan,/covers/sanqingshan.jpg,photo_landscape,yes,keep,"a rel=""nofollow"" class=""external text"" href=""https://www.flickr.com/people/71380, Wikimedia Commons",江西三清山世界地质公园
wugongshan,/covers/wugongshan.jpg,photo_landscape,yes,keep,Wikimedia Commons,江西武功山世界地质公园
shicheng,/covers/shicheng.jpg,photo_landscape,yes,keep,"patrick20042018, by-sa, Openverse · 资料照片",江西石城地质公园
shanwang,/covers/shanwang.jpg,satellite,yes,keep,Esri World Imagery · 临朐山旺国家地质公园坐标卫星资料照片，非本站踏勘,山东山旺国家地质公园
xiongershan,/covers/xiongershan.jpg,photo_landscape,yes,keep,"Zhongxxin, CC BY-SA 4.0, Wikimedia Commons · File:Shandong Baodugu National Forest Park.jpg",山东枣庄熊耳山－抱犊崮国家地质公园
huanghe-delta,/covers/huanghe-delta.jpg,photo_landscape,yes,keep,资料照片 · 新华社记者 徐速绘 · 人民网图片频道转载 · 政府/园区官方图，已署名并链回,山东东营黄河三角洲国家地质公园
taishan,/covers/taishan.jpg,photo_outcrop,yes,keep,"Jiang, Public Domain",山东泰山世界地质公园
yimengshan,/covers/yimengshan.jpg,photo_landscape,yes,keep,维基百科「沂蒙山」条目配图,山东沂蒙山世界地质公园
changshan-islands,/covers/changshan-islands.jpg,photo_landscape,yes,keep,Wikimedia Commons,山东长山列岛国家地质公园
zhucheng,/covers/zhucheng.jpg,photo_outcrop,yes,keep,"Glennsmart, CC BY-SA 3.0, Wikimedia Commons · 诸城恐龙化石隧道原位骨层 · 资料照片",山东诸城恐龙国家地质公园
qingzhou,/covers/qingzhou.jpg,photo_outcrop,yes,keep,Wikimedia Commons,山东青州国家地质公园
laiyang,/covers/laiyang.jpg,satellite,yes,keep,Esri World Imagery · 该点坐标卫星资料照片，非本站踏勘,山东莱阳白垩纪地质公园
yiyuan,/covers/yiyuan.jpg,satellite,yes,keep,Esri World Imagery · 该点坐标卫星资料照片，非本站踏勘,山东沂源鲁山地质公园
changle-volcano,/covers/changle-volcano.jpg,photo_landscape,yes,keep,"Geoli, CC BY-SA 4.0, Wikimedia Commons · File:昌乐北岩火山口.JPG · 资料照片",山东昌乐火山地质公园
wulianshan,/covers/wulianshan.jpg,satellite,yes,keep,Esri World Imagery · 该点坐标卫星资料照片，非本站踏勘,山东五莲山－九仙山国家地质公园
yishan,/covers/yishan.jpg,satellite,yes,keep,Esri World Imagery · 该点坐标卫星资料照片，非本站踏勘,山东邹城峄山国家地质公园
songshan,/covers/songshan.jpg,photo_outcrop,yes,keep,"Gary Todd, Wikimedia Commons",河南嵩山世界地质公园
yuntaishan,/covers/yuntaishan.jpg,photo_landscape,yes,keep,"Gary Todd, Wikimedia Commons",河南云台山世界地质公园
baotianman,/covers/baotianman.jpg,photo_landscape,yes,keep,Wikidata / Wikimedia Commons · 宝天曼龙属 · 资料照片,河南内乡宝天曼国家地质公园
wangwushan,/covers/wangwushan.jpg,photo_outcrop,yes,keep,Wikimedia Commons 缩略图,河南王屋山－黛眉山世界地质公园
funiushan,/covers/funiushan.jpg,photo_outcrop,yes,keep,Wikimedia Commons 缩略图,河南伏牛山世界地质公园
chayashan,/covers/chayashan.jpg,photo_landscape,yes,keep,"Gary Todd, CC0, Wikimedia Commons · File:Chaya Shan 01.jpg",河南嵖岈山国家地质公园
zhengzhou-huanghe,/covers/zhengzhou-huanghe.jpg,photo_landscape,yes,keep_heuristic_false_positive,"vtpoly, by-nc-nd, Openverse · 资料照片",河南郑州黄河国家地质公园
guanshan,/covers/guanshan.jpg,photo_landscape,yes,keep,Wikidata / Wikimedia Commons · 關山鎮 · 资料照片,河南关山国家地质公园
shenlingzhai,/covers/shenlingzhai.jpg,satellite,yes,keep,Esri World Imagery · 该点坐标卫星资料照片，非本站踏勘,河南洛宁神灵寨国家地质公园
daimeishan,/covers/daimeishan.jpg,satellite,yes,keep,Esri World Imagery · 该点坐标卫星资料照片，非本站踏勘,河南洛阳黛眉山国家地质公园
jingangtai,/covers/jingangtai.jpg,satellite,yes,keep,Esri World Imagery · 该点坐标卫星资料照片，非本站踏勘,河南信阳金刚台国家地质公园
xiaoqinling,/covers/xiaoqinling.jpg,satellite,yes,keep,Esri World Imagery · 该点坐标卫星资料照片，非本站踏勘,河南小秦岭国家地质公园
linlushan,/covers/linlushan.jpg,photo_landscape,yes,keep,"caoyadong, CC BY-SA 3.0, Wikimedia Commons",河南红旗渠－林虑山国家地质公园
ruyang,/covers/ruyang.jpg,satellite,yes,keep,Esri World Imagery · 该点坐标卫星资料照片，非本站踏勘,河南汝阳恐龙地质公园
yaoshan,/covers/yaoshan.jpg,photo_landscape,yes,keep,Wikimedia Commons,河南尧山地质公园
sanxia,/covers/sanxia.jpg,photo_outcrop,yes,keep,Wikimedia Commons,长江三峡国家地质公园
shennongjia,/covers/shennongjia.jpg,photo_landscape,yes,keep,"a href=""//commons.wikimedia.org/wiki/User:Vmenkov"" title=""User:Vmenkov"" User:Vme, Wikimedia Commons",湖北神农架世界地质公园
mulanshan,/covers/mulanshan.jpg,satellite,yes,keep,Esri World Imagery · 该点坐标卫星资料照片，非本站踏勘,湖北武汉木兰山国家地质公园
yunxian,/covers/yunxian.jpg,satellite,yes,keep,Esri World Imagery · 该点坐标卫星资料照片，非本站踏勘,湖北郧县恐龙蛋化石群国家地质公园
wudangshan,/covers/wudangshan.jpg,photo_landscape,yes,keep,"xiquinhosilva, CC BY 2.0, Wikimedia Commons · File:Wudang Mountain (54131425234).jpg",湖北武当山国家地质公园
dabieshan-hg,/covers/dabieshan-hg.jpg,photo_landscape,yes,keep,维基百科「大别山」条目配图,湖北黄冈大别山世界地质公园
wufeng,/covers/wufeng.jpg,photo_landscape,yes,keep,"world01231987, by-nc-sa, Openverse · 资料照片",湖北五峰国家地质公园
jiugongshan,/covers/jiugongshan.jpg,photo_landscape,yes,keep,Wikimedia Commons,湖北咸宁九宫山－温泉地质公园
enshi,/covers/enshi.jpg,photo_landscape,yes,keep,Wikimedia Commons,湖北恩施大峡谷－腾龙洞世界地质公园
changyang,/covers/changyang.jpg,photo_landscape,yes,keep,Wikimedia Commons,湖北长阳清江地质公园
yuanan,/covers/yuanan.jpg,satellite,yes,keep,Esri World Imagery · 该点坐标卫星资料照片，非本站踏勘,湖北远安化石群国家地质公园
gssp-huanghuachang,/covers/gssp-huanghuachang.jpg,photo_outcrop,yes,keep,"Woudloper, CC BY-SA 4.0, Wikimedia Commons · File:Dapingian GSSP 1.jpg",宜昌黄花场金钉子
gssp-wangjiawan,/covers/gssp-wangjiawan.jpg,photo_outcrop,yes,keep,"Woudloper, CC BY-SA 4.0, Wikimedia Commons · File:Hirnantian GSSP 1.jpg",宜昌王家湾金钉子
zhangjiajie,/covers/zhangjiajie.jpg,photo_landscape,yes,keep,Wikimedia Commons / 公开资料照片,湖南张家界世界地质公园
feitianshan,/covers/feitianshan.jpg,satellite,yes,keep,Esri World Imagery · 该点坐标卫星资料照片，非本站踏勘,湖南郴州飞天山国家地质公园
langshan,/covers/langshan.jpg,photo_landscape,yes,keep,维基百科「崀山」条目配图,湖南崀山国家地质公园
fenghuang,/covers/fenghuang.jpg,photo_landscape,yes,keep,维基百科「Fenghuang」条目配图 · 资料照片,湖南凤凰国家地质公园
hongshilin,/covers/hongshilin.jpg,satellite,yes,keep,Esri World Imagery · 该点坐标卫星资料照片，非本站踏勘,湖南古丈红石林国家地质公园
jiubujiang,/covers/jiubujiang.jpg,satellite,yes,keep,Esri World Imagery · 该点坐标卫星资料照片，非本站踏勘,湖南酒埠江国家地质公园
wulongshan,/covers/wulongshan.jpg,satellite,yes,keep,Esri World Imagery · 该点坐标卫星资料照片，非本站踏勘,湖南乌龙山国家地质公园
meijiang,/covers/meijiang.jpg,photo_landscape,yes,keep,"World Economic Forum, by-nc-sa, Openverse · 资料照片",湖南湄江国家地质公园
shiniuzhai,/covers/shiniuzhai.jpg,satellite,yes,keep,Esri World Imagery · 该点坐标卫星资料照片，非本站踏勘,湖南平江石牛寨地质公园
daweishan,/covers/daweishan.jpg,satellite,yes,keep,Esri World Imagery · 该点坐标卫星资料照片，非本站踏勘,湖南浏阳大围山国家地质公园
wanfoshan,/covers/wanfoshan.jpg,satellite,yes,keep,Esri World Imagery · 该点坐标卫星资料照片，非本站踏勘,湖南通道万佛山地质公园
xuefenghu,/covers/xuefenghu.jpg,satellite,yes,keep,Esri World Imagery · 该点坐标卫星资料照片，非本站踏勘,湖南安化雪峰湖地质公园
mangshan,/covers/mangshan.jpg,photo_landscape,yes,keep,Wikimedia Commons,湖南宜章莽山国家地质公园
baishuidong,/covers/baishuidong.jpg,satellite,yes,keep,Esri World Imagery · 该点坐标卫星资料照片，非本站踏勘,湖南新邵白水洞国家地质公园
xiangxi,/covers/xiangxi.jpg,photo_landscape,yes,keep,Wikimedia Commons · File:Hongshilin.tianchi2.jpg,湖南湘西世界地质公园
gssp-paibi,/covers/gssp-paibi.jpg,photo_outcrop,yes,keep,"Woudloper, CC BY-SA 4.0, Wikimedia Commons · File:Paibian GSSP, Huaqiao Formation, Hunan, China 2.jpg",花垣排碧金钉子
gssp-guzhang,/covers/gssp-guzhang.jpg,photo_outcrop,yes,keep,"Woudloper, CC BY-SA 4.0, Wikimedia Commons · File:Guzhangian GSSP 2.jpg",古丈罗依溪金钉子
danxiashan,/covers/danxiashan.jpg,photo_landscape,yes,keep,"Yumeto, 2025, CC BY-SA",广东丹霞山世界地质公园
huguangyan,/covers/huguangyan.jpg,photo_landscape,yes,keep,维基百科「湖光岩」条目配图,广东湛江湖光岩国家地质公园
xiqiaoshan,/covers/xiqiaoshan.jpg,photo_landscape,yes,keep,Wikimedia Commons,广东佛山西樵山国家地质公园
lingxiaoyan,/covers/lingxiaoyan.jpg,satellite,yes,keep,Esri World Imagery · 该点坐标卫星资料照片，非本站踏勘,广东阳春凌霄岩国家地质公园
dapeng,/covers/dapeng.jpg,photo_landscape,yes,keep,"Wishds, CC BY-SA 3.0, Wikimedia Commons · File:Qiniangshan, Shenzhen.jpg",广东深圳大鹏半岛国家地质公园
fengkai,/covers/fengkai.jpg,satellite,yes,keep,Esri World Imagery · 该点坐标卫星资料照片，非本站踏勘,广东封开国家地质公园
enping,/covers/enping.jpg,satellite,yes,keep,Esri World Imagery · 该点坐标卫星资料照片，非本站踏勘,广东恩平温泉国家地质公园
yangshan,/covers/yangshan.jpg,satellite,yes,keep,Esri World Imagery · 该点坐标卫星资料照片，非本站踏勘,广东阳山国家地质公园
qinglan,/covers/qinglan.jpg,satellite,yes,keep,Esri World Imagery · 该点坐标卫星资料照片，非本站踏勘,广东饶平青岚国家地质公园
leiqiong,/covers/leiqiong.jpg,photo_landscape,yes,keep,"a href=""//commons.wikimedia.org/wiki/User:ViaHarry"" title=""User:ViaHarry"" ViaHar, Wikimedia Commons",雷琼世界地质公园
ziyuan,/covers/ziyuan.jpg,photo_landscape,yes,keep,"三猎, CC BY-SA 4.0, Wikimedia Commons · File:资江灯谷.jpg",广西资源国家地质公园
leye-fengshan,/covers/leye-fengshan.jpg,photo_landscape,yes,keep,Wikimedia Commons · Peak cluster depression（凤山峰丛洼地）,广西乐业－凤山世界地质公园
weizhoudao,/covers/weizhoudao.jpg,photo_landscape,yes,keep_heuristic_false_positive,Wikimedia Commons,广西北海涠洲岛火山国家地质公园
fengshan,/covers/fengshan.jpg,satellite,yes,keep,Esri World Imagery · 该点坐标卫星资料照片，非本站踏勘,广西凤山岩溶国家地质公园
xiangqiao,/covers/xiangqiao.jpg,photo_landscape,yes,keep,"涔水影人, CC BY 3.0, Wikimedia Commons",广西鹿寨香桥岩溶国家地质公园
qibailong,/covers/qibailong.jpg,satellite,yes,keep,Esri World Imagery · 该点坐标卫星资料照片，非本站踏勘,广西大化七百弄国家地质公园
guiping,/covers/guiping.jpg,photo_landscape,yes,keep,维基百科「Guiping」条目配图 · 资料照片,广西桂平国家地质公园
yizhou-shilin,/covers/yizhou-shilin.jpg,satellite,yes,keep,Esri World Imagery · 该点坐标卫星资料照片，非本站踏勘,广西宜州水上石林地质公园
wuhuangshan,/covers/wuhuangshan.jpg,satellite,yes,keep,Esri World Imagery · 该点坐标卫星资料照片，非本站踏勘,广西浦北五皇山国家地质公园
duan,/covers/duan.jpg,photo_landscape,yes,keep,Wikimedia Commons,广西都安地下河地质公园
luocheng,/covers/luocheng.jpg,satellite,yes,keep,Esri World Imagery · 该点坐标卫星资料照片，非本站踏勘,广西罗城地质公园
donglan,/covers/donglan.jpg,photo_landscape,yes,keep,维基百科「Donglan County」条目配图 · 资料照片,广西东兰国家地质公园
guilin-karst,/covers/guilin-karst.jpg,photo_landscape,yes,keep,维基百科「桂林山水」条目配图,桂林喀斯特
gssp-penglaitan,/covers/gssp-penglaitan.jpg,photo_outcrop,yes,replaced_chart_with_gssp_beds,"Jin et al., 2006, Episodes 29(4) · 来宾蓬莱滩吴家坪阶金钉子层 · 资料照片",来宾蓬莱滩金钉子
gssp-pengchong,/covers/gssp-pengchong.jpg,satellite,yes,replaced_chart_with_site_satellite,Esri World Imagery · 柳州碰冲金钉子坐标卫星资料照片，非本站踏勘,柳州碰冲金钉子
haikou-volcano,/covers/haikou-volcano.jpg,photo_landscape,yes,keep,Wikimedia Commons 缩略图,海南海口石山火山群国家地质公园
baisha-crater,/covers/baisha-crater.jpg,satellite,yes,keep,Esri World Imagery · 该点坐标卫星资料照片，非本站踏勘,海南白沙陨石坑国家地质公园
wulong,/covers/wulong.jpg,photo_landscape,yes,keep,维基百科「武隆喀斯特」条目配图,重庆武隆岩溶国家地质公园
xiaonanhai,/covers/xiaonanhai.jpg,photo_landscape,yes,keep,资料照片 · 新华社记者 唐奕 · 新华网图片 · 政府/园区官方图，已署名并链回,重庆黔江小南海国家地质公园
yunyang,/covers/yunyang.jpg,photo_outcrop,yes,keep,"English Wikipedia ""Yunyang County""",重庆云阳世界地质公园
wansheng,/covers/wansheng.jpg,photo_landscape,yes,keep,资料照片 · 尹南源 / 华龙网（重庆市委市政府官方新闻门户）· 政府/园区官方图，已署名并链回,重庆万盛国家地质公园
qijiang,/covers/qijiang.jpg,photo_outcrop,yes,keep,"维基百科「Qijiang, Chongqing」条目配图 · 资料照片",重庆綦江国家地质公园
qiyaoshan,/covers/qiyaoshan.jpg,satellite,yes,keep,Esri World Imagery · 该点坐标卫星资料照片，非本站踏勘,重庆石柱七曜山国家地质公园
zigong,/covers/zigong.jpg,photo_outcrop,yes,keep,"English Wikipedia ""Zigong Dinosaur Museum""",四川自贡世界地质公园
longmenshan,/covers/longmenshan.jpg,photo_landscape,yes,keep,"zhiyin586@163.com, CC BY 3.0, Wikimedia Commons",四川龙门山国家地质公园
hailuogou,/covers/hailuogou.jpg,photo_landscape,yes,keep,维基百科「海螺沟」条目配图,四川海螺沟国家地质公园
daduhe,/covers/daduhe.jpg,photo_landscape,yes,keep,Wikimedia Commons,四川大渡河峡谷国家地质公园
anxiang,/covers/anxiang.jpg,satellite,yes,keep,Esri World Imagery · 该点坐标卫星资料照片，非本站踏勘,四川安县生物礁国家地质公园
jiuzhaigou,/covers/jiuzhaigou.jpg,photo_landscape,yes,keep,维基百科「九寨沟」条目配图,四川九寨沟国家地质公园
huanglong,/covers/huanglong.jpg,photo_landscape,yes,keep,"chensiyuan, CC BY-SA 4.0, Wikimedia Commons",四川黄龙国家地质公园
xingwen,/covers/xingwen.jpg,photo_landscape,yes,keep,"liuzusai, CC BY 3.0",四川兴文世界地质公园
shehong,/covers/shehong.jpg,satellite,yes,keep,Esri World Imagery · 该点坐标卫星资料照片，非本站踏勘,四川射洪硅化木国家地质公园
siguniang,/covers/siguniang.jpg,photo_landscape,yes,keep,Wikimedia Commons,四川四姑娘山世界地质公园
huayingshan,/covers/huayingshan.jpg,satellite,yes,keep,Esri World Imagery · 该点坐标卫星资料照片，非本站踏勘,四川华蓥山国家地质公园
jiangyou,/covers/jiangyou.jpg,photo_outcrop,yes,keep,维基百科「Jiangyou」条目配图 · 资料照片,四川江油国家地质公园
dabashan,/covers/dabashan.jpg,photo_landscape,yes,keep,维基百科「Daba Mountains」条目配图 · 资料照片,四川大巴山国家地质公园
guangwushan,/covers/guangwushan.jpg,photo_landscape,yes,keep,"无相, CC BY 3.0",四川光雾山－诺水河世界地质公园
qingchuan,/covers/qingchuan.jpg,satellite,yes,keep,Esri World Imagery · 该点坐标卫星资料照片，非本站踏勘,四川青川地震遗迹地质公园
mianzhu,/covers/mianzhu.jpg,satellite,yes,keep,Esri World Imagery · 该点坐标卫星资料照片，非本站踏勘,四川绵竹清平－汉旺地质公园
gesala,/covers/gesala.jpg,satellite,yes,keep,Esri World Imagery · 该点坐标卫星资料照片，非本站踏勘,四川盐边格萨拉国家地质公园
daguglacier,/covers/daguglacier.jpg,photo_landscape,yes,keep,"aisccd, CC BY 3.0, Wikimedia Commons",四川达古冰山国家地质公园
guanling,/covers/guanling.jpg,satellite,yes,keep,Esri World Imagery · 该点坐标卫星资料照片，非本站踏勘,贵州关岭化石群国家地质公园
xingyi,/covers/xingyi.jpg,photo_outcrop,yes,keep,维基百科「马岭河峡谷」条目配图,贵州兴义世界地质公园
zhijindong,/covers/zhijindong.jpg,photo_landscape,yes,keep,"English Wikipedia ""Zhijin Cave""",贵州织金洞世界地质公园
shuanghedong,/covers/shuanghedong.jpg,satellite,yes,keep,Esri World Imagery · 该点坐标卫星资料照片，非本站踏勘,贵州绥阳双河洞国家地质公园
wumengshan,/covers/wumengshan.jpg,satellite,yes,keep,Esri World Imagery · 该点坐标卫星资料照片，非本站踏勘,贵州六盘水乌蒙山国家地质公园
pingtang,/covers/pingtang.jpg,photo_landscape,yes,keep,维基百科「Pingtang County」条目配图 · 资料照片,贵州平塘国家地质公园
sinan,/covers/sinan.jpg,satellite,yes,keep,Esri World Imagery · 该点坐标卫星资料照片，非本站踏勘,贵州思南乌江喀斯特国家地质公园
miaoling,/covers/miaoling.jpg,satellite,yes,keep,Esri World Imagery · 该点坐标卫星资料照片，非本站踏勘,贵州黔东南苗岭国家地质公园
chishui,/covers/chishui.jpg,photo_landscape,yes,keep,Wikimedia Commons / 公开资料照片,贵州赤水丹霞国家地质公园
getuhe,/covers/getuhe.jpg,photo_landscape,yes,keep,资料照片 · 李婷、杨滢 / 人民网贵州频道 · 政府/园区官方图，已署名并链回,贵州紫云格凸河国家地质公园
gssp-wuliu,/covers/gssp-wuliu.jpg,photo_outcrop,yes,keep,"Woudloper, CC BY-SA 4.0, Wikimedia Commons · File:Wuliuan GSSP 1.jpg",剑河乌溜－曾家岩金钉子
shilin,/covers/shilin.jpg,photo_landscape,yes,keep,Wikimedia Commons / 公开资料照片,云南石林世界地质公园
chengjiang,/covers/chengjiang.jpg,photo_landscape,yes,keep_heuristic_false_positive,维基百科「澄江化石地」条目配图,云南澄江化石地
tengchong,/covers/tengchong.jpg,photo_landscape,yes,keep,Wikimedia Commons 缩略图,云南腾冲火山地热国家地质公园
lufeng,/covers/lufeng.jpg,photo_landscape,yes,keep,"zhanyoun, CC BY-SA 3.0, Wikimedia Commons · File:恐龙谷 - panoramio.jpg · 禄丰恐龙谷山体 · 资料照片",云南禄丰恐龙国家地质公园
laojunshan,/covers/laojunshan.jpg,photo_landscape,yes,keep,资料照片 · 人民网云南频道 · 黎明景区供图 · 政府/园区官方图，已署名并链回,云南玉龙黎明－老君山国家地质公园
cangshan,/covers/cangshan.jpg,photo_landscape,yes,keep,维基百科「点苍山」条目配图,云南大理苍山世界地质公园
yulongxueshan,/covers/yulongxueshan.jpg,photo_landscape,yes,keep,维基百科「玉龙雪山」条目配图,云南丽江玉龙雪山冰川国家地质公园
jiuxiang,/covers/jiuxiang.jpg,photo_landscape,yes,keep,"mayanming, CC BY-SA 3.0, Wikimedia Commons",云南九乡峡谷洞穴国家地质公园
luoping,/covers/luoping.jpg,satellite,yes,keep,Esri World Imagery · 该点坐标卫星资料照片，非本站踏勘,云南罗平生物群地质公园
alu,/covers/alu.jpg,photo_landscape,yes,keep,Wikimedia Commons,云南泸西阿庐国家地质公园
dongchuan,/covers/dongchuan.jpg,satellite,yes,keep,Esri World Imagery · 该点坐标卫星资料照片，非本站踏勘,云南东川泥石流国家地质公园
weishan,/covers/weishan.jpg,photo_landscape,yes,keep,"Kcx36, CC BY-SA 4.0, Wikimedia Commons",云南巍山红河源国家地质公园
yigong,/covers/yigong.jpg,satellite,yes,keep,Esri World Imagery · 该点坐标卫星资料照片，非本站踏勘,西藏易贡国家地质公园
zhada,/covers/zhada.jpg,photo_landscape,yes,keep,"yuen yan, CC BY-SA 2.0, Wikimedia Commons · File:Ngari Tsaparang 01.jpg",西藏札达土林国家地质公园
everest-ordovician,/covers/everest-ordovician.jpg,photo_outcrop,yes,keep,"User:Ggia, CC BY-SA 3.0, Wikimedia Commons",珠峰奥陶纪岩石
rongbuk,/covers/rongbuk.jpg,photo_landscape,yes,keep,"Earth Science and Remote Sensing Unit , Lyndon B. Johnson Space Center, Public domain, Wikimedia Commons",藏南绒布峡谷滑脱构造
cuihuashan,/covers/cuihuashan.jpg,photo_landscape,yes,keep,维基百科「Zhongnan Mountains」条目配图,陕西秦岭终南山世界地质公园
luochuan,/covers/luochuan.jpg,photo_outcrop,yes,keep,中国地震学会 2024 黄土沉积地层与黄土区工程建设交流材料 图4 · 黄土–古土壤互层野外露头 · 资料照片,陕西洛川黄土国家地质公园
yanchuan,/covers/yanchuan.jpg,photo_landscape,yes,keep,"H2v5o68z, CC0, Wikimedia Commons",陕西延川黄河蛇曲国家地质公园
jinsixia,/covers/jinsixia.jpg,satellite,yes,keep,Esri World Imagery · 该点坐标卫星资料照片，非本站踏勘,陕西商南金丝峡国家地质公园
nangongshan,/covers/nangongshan.jpg,satellite,yes,keep,Esri World Imagery · 该点坐标卫星资料照片，非本站踏勘,陕西岚皋南宫山国家地质公园
huashan,/covers/huashan.jpg,photo_landscape,yes,keep,维基百科「华山」条目配图,陕西华山国家地质公园
liping,/covers/liping.jpg,satellite,yes,keep,Esri World Imagery · 该点坐标卫星资料照片，非本站踏勘,陕西汉中黎坪国家地质公园
dunhuang,/covers/dunhuang.jpg,photo_landscape,yes,keep,Wikimedia Commons / 公开资料照片,甘肃敦煌世界地质公园
liujiaxia,/covers/liujiaxia.jpg,satellite,yes,keep,Esri World Imagery · 该点坐标卫星资料照片，非本站踏勘,甘肃刘家峡恐龙国家地质公园
kongtongshan,/covers/kongtongshan.jpg,photo_landscape,yes,keep,"DarthVachel, CC BY-SA 4.0, Wikimedia Commons · File:崆峒山.jpg",甘肃平凉崆峒山国家地质公园
huanghe-shilin,/covers/huanghe-shilin.jpg,photo_landscape,yes,keep,Wikimedia Commons,甘肃景泰黄河石林国家地质公园
linxia,/covers/linxia.jpg,photo_outcrop,yes,keep,维基百科「和政县」条目配图,甘肃临夏世界地质公园
maijishan,/covers/maijishan.jpg,photo_landscape,yes,keep,"dayu490301, CC BY 3.0, Wikimedia Commons",甘肃天水麦积山国家地质公园
zhangye,/covers/zhangye.jpg,photo_landscape,yes,keep,Wikimedia Commons / 公开资料照片,甘肃张掖世界地质公园
bingling,/covers/bingling.jpg,photo_landscape,yes,keep,"Jonashtand, CC BY-SA 4.0, Wikimedia Commons · File:202609 Bingling Temple 01.jpg",甘肃炳灵丹霞地质公园
guangeogou,/covers/guangeogou.jpg,satellite,yes,keep,Esri World Imagery · 该点坐标卫星资料照片，非本站踏勘,甘肃宕昌官鹅沟地质公园
yeliguan,/covers/yeliguan.jpg,satellite,yes,keep,Esri World Imagery · 该点坐标卫星资料照片，非本站踏勘,甘肃临潭冶力关地质公园
pingshanhu,/covers/pingshanhu.jpg,photo_landscape,yes,keep,资料照片 · 张掖市人民政府官网 · 政府/园区官方图，已署名并链回,甘肃张掖平山湖国家地质公园
zhagana,/covers/zhagana.jpg,photo_landscape,yes,keep,Wikimedia Commons,甘肃迭部扎尕那国家地质公园
hezheng,/covers/hezheng.jpg,satellite,yes,keep,Esri World Imagery · 该点坐标卫星资料照片，非本站踏勘,甘肃和政古生物化石国家地质公园
kanbula,/covers/kanbula.jpg,photo_landscape,yes,keep,"Tiger@西北, CC BY-SA 3.0",青海坎布拉世界地质公园
kunlunshan,/covers/kunlunshan.jpg,photo_landscape,yes,keep,"Zhangmoon618, CC BY-SA",青海昆仑山世界地质公园
huzhu,/covers/huzhu.jpg,photo_landscape,yes,keep,Wikimedia Commons,青海互助嘉定国家地质公园
nianbaoyuze,/covers/nianbaoyuze.jpg,photo_landscape,yes,keep,Wikimedia Commons,青海久治年宝玉则国家地质公园
guide,/covers/guide.jpg,photo_landscape,yes,keep,"neverdance, CC BY-SA 3.0, Wikimedia Commons",青海贵德国家地质公园
animaging,/covers/animaging.jpg,photo_landscape,yes,keep,"FrozenNeptune, CC BY-SA 4.0, Wikimedia Commons",青海阿尼玛卿山国家地质公园
huoshizhai,/covers/huoshizhai.jpg,photo_landscape,yes,keep,资料照片 · 宁夏回族自治区人民政府网 · 政府/园区官方图，已署名并链回,宁夏西吉火石寨国家地质公园
kanas,/covers/kanas.jpg,photo_landscape,yes,keep,Wikimedia Commons,新疆布尔津喀纳斯湖国家地质公园
qitai,/covers/qitai.jpg,satellite,yes,keep,Esri World Imagery · 该点坐标卫星资料照片，非本站踏勘,新疆奇台硅化木－恐龙国家地质公园
keketuohai,/covers/keketuohai.jpg,photo_landscape,yes,keep,维基百科「额尔齐斯河」条目配图,新疆可可托海世界地质公园
tianshan-tianchi,/covers/tianshan-tianchi.jpg,photo_landscape,yes,keep,Wikimedia Commons,新疆天山天池国家地质公园
kuqa,/covers/kuqa.jpg,photo_landscape,yes,keep,Wikimedia Commons,新疆库车大峡谷国家地质公园
jimunai,/covers/jimunai.jpg,satellite,yes,keep,Esri World Imagery · 该点坐标卫星资料照片，非本站踏勘,新疆吉木乃草原石城国家地质公园
hongkong,/covers/hongkong.jpg,photo_landscape,yes,keep,Wikimedia Commons / 公开资料照片,香港世界地质公园
